{
  "title": "Your Basic Dashboard",
  "services": {
    "query": {
      "list": {
        "0": {
          "query": "*",
          "alias": "",
          "color": "#7EB26D",
          "id": 0,
          "pin": false,
          "type": "lucene"
        }
      },
      "ids": [
        0
      ]
    },
    "filter": {
      "list": {},
      "ids": []
    }
  },
  "rows": [
    {
      "title": "Options",
      "height": "50px",
      "editable": true,
      "collapse": false,
      "collapsable": true,
      "panels": [
        {
          "error": false,
          "span": 7,
          "editable": true,
          "group": [
            "default"
          ],
          "type": "text",
          "status": "Stable",
          "mode": "markdown",
          "content": "If you have a field with a timestamp in it, you can set a time filter using the control in the navigation bar. You'll need to click the cog icon to configure the field that your timestamp is in.",
          "style": {},
          "title": "Have a timestamp somewhere?"
        },
        {
          "error": false,
          "span": 5,
          "editable": true,
          "group": [
            "default"
          ],
          "type": "text",
          "status": "Stable",
          "mode": "markdown",
          "content": "See the *Filters* bar above? Click it to expand the filters panel. Right now there are none. click on one of the icons in the document types list to filter down to only that document type",
          "style": {},
          "title": "About filters"
        }
      ],
      "notice": false
    },
    {
      "title": "Graph",
      "height": "250px",
      "editable": true,
      "collapse": false,
      "collapsable": true,
      "panels": [
        {
          "error": false,
          "span": 3,
          "editable": true,
          "group": [
            "default"
          ],
          "type": "terms",
          "queries": {
            "mode": "all",
            "ids": [
              0
            ]
          },
          "field": "_type",
          "exclude": [],
          "missing": true,
          "other": true,
          "size": 100,
          "order": "count",
          "style": {
            "font-size": "10pt"
          },
          "donut": false,
          "tilt": false,
          "labels": true,
          "arrangement": "horizontal",
          "chart": "pie",
          "counter_pos": "none",
          "title": "Document types",
          "spyable": true
        },
        {
          "error": false,
          "span": 3,
          "editable": true,
          "group": [
            "default"
          ],
          "type": "terms",
          "queries": {
            "mode": "all",
            "ids": [
              0
            ]
          },
          "field": "_type",
          "exclude": [],
          "missing": true,
          "other": true,
          "size": 10,
          "order": "count",
          "style": {
            "font-size": "10pt"
          },
          "donut": false,
          "tilt": false,
          "labels": true,
          "arrangement": "horizontal",
          "chart": "table",
          "counter_pos": "above",
          "spyable": true,
          "title": "Document Types"
        },
        {
          "error": false,
          "span": 6,
          "editable": true,
          "group": [
            "default"
          ],
          "type": "text",
          "status": "Stable",
          "mode": "markdown",
          "content": "It's the best I can do without knowing much about your data! I've tried to pick some sane defaults for you. The two *terms* panels to the left of this *text* panel show a breakdown of your document type. \n\nKibana is currently configured to point at the special Elasticsearch *_all* index. You can change that by clicking on the cog icon in the navigation bar at the top. You can also add rows from that dialog. You can edit individual panels by click on the cog icon on the panel you want to edit\n\nThe *table* panel below has attempted to list your fields to the left, select a few to view them in the table. To add more panels, of different types, click the cog on the row label to the far left",
          "style": {},
          "title": "The most generic dashboard ever"
        }
      ],
      "notice": false
    },
    {
      "title": "Events",
      "height": "650px",
      "editable": true,
      "collapse": false,
      "collapsable": true,
      "panels": [
        {
          "error": false,
          "span": 12,
          "editable": true,
          "group": [
            "default"
          ],
          "type": "table",
          "size": 100,
          "pages": 5,
          "offset": 0,
          "sort": [
            "_score",
            "desc"
          ],
          "style": {
            "font-size": "9pt"
          },
          "overflow": "min-height",
          "fields": [],
          "highlight": [],
          "sortable": true,
          "header": true,
          "paging": true,
          "spyable": true,
          "queries": {
            "mode": "all",
            "ids": [
              0
            ]
          },
          "field_list": true,
          "status": "Stable",
          "trimFactor": 300,
          "normTimes": true,
          "title": "Documents"
        }
      ],
      "notice": false
    }
  ],
  "editable": true,
  "index": {
    "interval": "none",
    "pattern": "[logstash-]YYYY.MM.DD",
    "default": "_all",
    "warm_fields": false
  },
  "style": "dark",
  "failover": false,
  "panel_hints": true,
  "loader": {
    "save_gist": false,
    "save_elasticsearch": true,
    "save_local": true,
    "save_default": true,
    "save_temp": true,
    "save_temp_ttl_enable": true,
    "save_temp_ttl": "30d",
    "load_gist": true,
    "load_elasticsearch": true,
    "load_elasticsearch_size": 20,
    "load_local": true,
    "hide": false
  },
  "pulldowns": [
    {
      "type": "query",
      "collapse": false,
      "notice": false,
      "query": "*",
      "pinned": true,
      "history": [],
      "remember": 10
    },
    {
      "type": "filtering",
      "collapse": true,
      "notice": false
    }
  ],
  "nav": [
    {
      "type": "timepicker",
      "collapse": false,
      "notice": false,
      "status": "Stable",
      "time_options": [
        "5m",
        "15m",
        "1h",
        "6h",
        "12h",
        "24h",
        "2d",
        "7d",
        "30d"
      ],
      "refresh_intervals": [
        "5s",
        "10s",
        "30s",
        "1m",
        "5m",
        "15m",
        "30m",
        "1h",
        "2h",
        "1d"
      ],
      "timefield": "@timestamp"
    }
  ],
  "refresh": false
}